<?xml version="1.0" encoding="UTF-8"?>
<preferences>
 <debug showDebugMenu="0" />
 <systemtable>
  <columns>
   <connections preferredWidth="127" />
   <irq preferredWidth="34" />
  </columns>
 </systemtable>
 <clocktable>
  <columns>
   <clockname preferredWidth="378" />
   <clocksource preferredWidth="378" />
   <frequency preferredWidth="359" />
  </columns>
 </clocktable>
 <library
   expandedCategories="Library,Library/Peripherals,Project,Library/Peripherals/Microcontroller Peripherals" />
 <window width="1429" height="800" x="264" y="181" />
 <generation block_symbol_file="0" />
</preferences>
